<?xml version="1.0" encoding="UTF-8"?>
<!DOCTYPE mapper PUBLIC "-//mybatis.org//DTD Mapper 3.0//EN" "https://mybatis.org/dtd/mybatis-3-mapper.dtd">
<mapper namespace="com.teamproject.myteam01.mapper.AttachFileMapper">

	<!-- 록귀파트 -->
	<select id="getAllFiles" resultType="com.teamproject.myteam01.domain.AttachFileDTO" parameterType="String">
	<![CDATA[
		SELECT * FROM ATTACHFILES WHERE uno = #{uno}
	]]>
	</select>
	
	
	
	<!-- 윤정파트22 -->
	<insert id="insertAttachFile">
	    INSERT INTO teampj.ATTACHFILES (uuid, uploadPath, fileName, fileDelFlag, fileType, uno) 
	    VALUES (#{uuid}, #{uploadPath}, #{fileName}, DEFAULT, #{fileType}, #{uno})
	</insert>
	
	<select id="findByUuid" resultType="com.teamproject.myteam01.domain.AttachFileDTO">
        SELECT UUID, UPLOADPATH, FILENAME, FILEDELFLAG, FILETYPE, UNO 
        FROM teampj.ATTACHFILES WHERE uuid = #{uuid}
    </select>
    
    <select id="getAttachFilesByUno" resultType="com.teamproject.myteam01.domain.AttachFileDTO">
	    SELECT * FROM ATTACHFILES WHERE uno = #{uno}
	</select>
    
	
	
</mapper>