<?xml version="1.0" encoding="UTF-8"?>
<!DOCTYPE mapper PUBLIC "-//mybatis.org//DTD Mapper 3.0//EN" "https://mybatis.org/dtd/mybatis-3-mapper.dtd">
<mapper namespace="com.teamproject.myteam01.mapper.CsMapper">

    <!-- FAQ 목록 -->
    <select id="selectFAQList" resultType="com.teamproject.myteam01.domain.CsVO">
        SELECT FAQNO, FAQCATEGORY, FAQTITLE, FAQCONTENT, FAQREGDATE, FAQMODDATE, FAQDELFLAG
        FROM teampj.FAQ 
        WHERE FAQDELFLAG = 0
        ORDER BY FAQNO DESC
    </select>

    <!-- FAQ 등록 -->
    <insert id="registerFAQ" parameterType="com.teamproject.myteam01.domain.CsVO">
        <selectKey keyProperty="faqno" order="BEFORE" resultType="Long">
            SELECT teampj.seq_FAQ.nextval FROM dual
        </selectKey>
        INSERT INTO teampj.FAQ (FAQNO, FAQCATEGORY, FAQTITLE, FAQCONTENT, FAQREGDATE, FAQMODDATE, FAQDELFLAG)
        VALUES (#{faqno}, #{faqcategory}, #{faqtitle}, #{faqcontent}, DEFAULT, DEFAULT, 0)
    </insert>

    <!-- FAQ 조회 -->
    <select id="selectFAQ" resultType="com.teamproject.myteam01.domain.CsVO">
        SELECT FAQNO, FAQCATEGORY, FAQTITLE, FAQCONTENT, FAQREGDATE, FAQMODDATE, FAQDELFLAG
        FROM teampj.FAQ
        WHERE FAQNO = #{faqno}
    </select>

    <!-- FAQ 수정 -->
    <update id="updateFAQ">
        UPDATE teampj.FAQ
        SET FAQCATEGORY = #{faqcategory},
            FAQTITLE = #{faqtitle},
            FAQCONTENT = #{faqcontent},
            FAQMODDATE = DEFAULT
        WHERE FAQNO = #{faqno}
    </update>
    
    <!-- FAQ 삭제 -->
    <delete id="delFAQ">
        DELETE FROM teampj.FAQ
        WHERE FAQNO = #{faqno}
    </delete>

    <!-- Inquiry 목록 -->
    <select id="selectINQList" resultType="com.teamproject.myteam01.domain.CsVO">
        SELECT INO, ICATEGORY, ITITLE, ICONTENT, IREGDATE, IDELFLAG, IRESPONSE
        FROM teampj.INQUIRY 
        WHERE IDELFLAG = 0
        ORDER BY INO DESC
    </select>

    <!-- Inquiry 등록 -->
	<insert id="registerINQ" parameterType="com.teamproject.myteam01.domain.CsVO">
	    <selectKey keyProperty="ino" order="BEFORE" resultType="Long">
	        SELECT seq_INQUIRY.nextval FROM dual
	    </selectKey>
	    INSERT INTO INQUIRY (INO, ICATEGORY, ITITLE, ICONTENT, IREGDATE, IDELFLAG, IRESPONSE, USERID)
	    VALUES (#{ino}, #{icategory}, #{ititle}, #{icontent}, DEFAULT, 0, '빠른 확인 후 답변드리겠습니다.', #{userid})
	</insert>

    <!-- Inquiry 조회 -->
    <select id="selectINQ" resultType="com.teamproject.myteam01.domain.CsVO">
        SELECT INO, ICATEGORY, ITITLE, ICONTENT, IREGDATE, IDELFLAG, IRESPONSE
        FROM teampj.INQUIRY
        WHERE INO = #{ino}
    </select>

<!-- Inquiry 수정 -->
    <update id="updateINQ">
        UPDATE teampj.INQUIRY
        SET ICATEGORY = #{icategory},
            ITITLE = #{ititle},
            ICONTENT = #{icontent},
            IRESPONSE = #{iresponse}
        WHERE INO = #{ino}
    </update>
    
    <!-- Inquiry 삭제 -->
    <delete id="delINQ">
        DELETE FROM teampj.INQUIRY
        WHERE INO = #{ino}
    </delete>

    <!-- Feedback 목록 -->
    <select id="selectFBList" resultType="com.teamproject.myteam01.domain.CsVO">
        SELECT FBNO, FBTITLE, FBCONTENT, FBREGDATE, FBDELFLAG
        FROM teampj.FEEDBACK 
        WHERE FBDELFLAG = 0
        ORDER BY FBNO DESC
    </select>

    <!-- Feedback 등록 -->
    <insert id="registerFB" parameterType="com.teamproject.myteam01.domain.CsVO">
        <selectKey keyProperty="fbno" order="BEFORE" resultType="Long">
            SELECT teampj.seq_FEEDBACK.nextval FROM dual
        </selectKey>
        INSERT INTO teampj.FEEDBACK (FBNO, FBTITLE, FBCONTENT, FBREGDATE, FBDELFLAG)
        VALUES (#{fbno}, #{fbtitle}, #{fbcontent}, DEFAULT, 0)
    </insert>

    <!-- Feedback 조회 -->
    <select id="selectFB" resultType="com.teamproject.myteam01.domain.CsVO">
        SELECT FBNO, FBTITLE, FBCONTENT, FBREGDATE, FBDELFLAG
        FROM teampj.FEEDBACK
        WHERE FBNO = #{fbno}
    </select>

    <!-- Feedback 수정 -->
    <update id="updateFB">
        UPDATE teampj.FEEDBACK
        SET FBTITLE = #{fbtitle},
            FBCONTENT = #{fbcontent}
        WHERE FBNO = #{fbno}
    </update>
    
    <!-- Feedback 삭제 -->
    <delete id="delFB">
        DELETE FROM teampj.FEEDBACK
        WHERE FBNO = #{fbno}
    </delete>
    
	<resultMap id="noticeResultMap" type="com.teamproject.myteam01.domain.CsVO">
        <result property="notice_num" column="notice_num"/>
        <result property="notice_title" column="notice_title"/>
        <result property="notice_content" column="notice_content"/> <!-- phone_number를 call에 매핑 -->
    	<result property="notice_regdate" column="notice_regdate"/>
    	<result property="notice_delflag" column="notice_delflag"/>
    </resultMap>
    <resultMap id="eventResultMap" type="com.teamproject.myteam01.domain.CsVO">
        <result property="event_num" column="event_num"/>
        <result property="event_title" column="event_title"/>
        <result property="event_content" column="event_content"/> <!-- phone_number를 call에 매핑 -->
    	<result property="event_regdate" column="event_regdate"/>
    	<result property="event_delflag" column="event_delflag"/>
    </resultMap>
 
    
	<!-- 공지사항등록 -->
	<insert id="insertNotice" parameterType="com.teamproject.myteam01.domain.CsVO">
		<selectKey keyProperty="notice_num" order="BEFORE" resultType="Long">
		 SELECT teampj.NOTICE_seq.nextval FROM dual
		</selectKey>
		INSERT INTO teampj.NOTICE (NOTICE_NUM, NOTICE_TITLE, NOTICE_CONTENT, NOTICE_REGDATE, NOTICE_MODDATE,  NOTICE_DELFLAG)
		VALUES (#{notice_num}, #{notice_title} , #{notice_content}, DEFAULT , DEFAULT , DEFAULT)
	</insert>

	
	<!-- 공지사항 목록조회 -->
	<select id="selectNoticeList" resultMap="noticeResultMap">
		SELECT NOTICE_NUM, NOTICE_TITLE, NOTICE_CONTENT, NOTICE_REGDATE, NOTICE_DELFLAG
		FROM teampj.NOTICE
		WHERE NOTICE_DELFLAG = 0
        ORDER BY NOTICE_NUM DESC
	</select>
	
	<!-- 공지사항 상세조회 -->
	<select id="selectNoticeDetail" resultMap="noticeResultMap">
		SELECT NOTICE_NUM, NOTICE_TITLE, NOTICE_CONTENT, NOTICE_REGDATE, NOTICE_DELFLAG 
		FROM teampj.NOTICE 
		WHERE NOTICE_NUM = #{notice_num}
	</select>
	

	
	 <!-- 공지사항 수정 -->
    <update id="updateNT">
        UPDATE teampj.NOTICE
        SET NOTICE_TITLE = #{notice_title},
            NOTICE_CONTENT = #{notice_content}
        WHERE NOTICE_NUM = #{notice_num}
    </update>
	
	<!-- 공지사항 삭제 -->
    <delete id="delNT">
        DELETE FROM teampj.NOTICE
        WHERE NOTICE_NUM = #{notice_num}
    </delete>
	
	
	

	<!-- 이벤트 사항등록 -->
	<insert id="insertAdminEvent" parameterType="com.teamproject.myteam01.domain.CsVO">
		<selectKey keyProperty="event_num" order="BEFORE" resultType="Long">
		 SELECT teampj.ADMIN_EVENT_seq.nextval FROM dual
		</selectKey>
		INSERT INTO teampj.admin_event(EVENT_NUM, EVENT_TITLE, EVENT_CONTENT, EVENT_REGDATE, EVENT_MODDATE, EVENT_DELFLAG)
		VALUES (#{event_num}, #{event_title} , #{event_content}, DEFAULT , DEFAULT , DEFAULT)
	</insert>
	
	<!-- 이벤트 목록조회 -->
	<select id="selectAdminEventList" resultMap="eventResultMap">
		SELECT * FROM teampj.ADMIN_EVENT
		WHERE EVENT_DELFLAG = 0
        ORDER BY EVENT_NUM DESC
	</select>
	
	<!-- 이벤트 상세조회 -->
	<select id="selectAdminEventDetail" resultMap="eventResultMap">
		SELECT * FROM teampj.ADMIN_EVENT 
		WHERE EVENT_NUM = #{event_num}
	</select>
	

	
	 <!-- 이벤트 수정 -->
    <update id="updateAE">
        UPDATE teampj.ADMIN_EVENT
        SET EVENT_TITLE = #{event_title},
            EVENT_CONTENT = #{event_content}
        WHERE EVENT_NUM = #{event_num}
    </update>
    
    
	<!-- 이벤트 삭제 -->
    <delete id="delAE">
        DELETE FROM teampj.ADMIN_EVENT
        WHERE EVENT_NUM = #{event_num}
    </delete>
	
	
	
 <!--  1대1 문의 내역 조회 (유저페이지)  -->

    <select id="selectUserInquiries" parameterType="String" resultType="com.teamproject.myteam01.domain.CsVO">
        SELECT INO, ICATEGORY, ITITLE, ICONTENT, IREGDATE, IRESPONSE
        FROM INQUIRY
        WHERE USERID = #{userId} AND IDELFLAG = 0
        ORDER BY IREGDATE DESC
    </select> 

	<!-- 문의 답변 대기중 -->



</mapper>

	

