<?xml version="1.0" encoding="UTF-8"?>
<!DOCTYPE mapper PUBLIC "-//mybatis.org//DTD Mapper 3.0//EN" "https://mybatis.org/dtd/mybatis-3-mapper.dtd">
<mapper namespace="com.teamproject.myteam01.mapper.FavoriteMapper">

    <!-- 즐겨찾기 목록 삽입 -->
	<insert id="insertFavoriteList" parameterType="com.teamproject.myteam01.domain.FavoriteListVO">
	    <selectKey keyProperty="listId" order="BEFORE" resultType="Long">
	        SELECT FAVORITELIST_SEQ.NEXTVAL FROM DUAL
	    </selectKey>
	    INSERT INTO FAVORITELIST (LIST_ID, USERID, LIST_NAME, COLOR)
	    VALUES (#{listId}, #{userId}, #{listName}, #{color})  <!-- 색상 값 추가 -->
	</insert>



    <!-- 즐겨찾기 항목 삽입 -->
    <insert id="insertFavoriteItem" parameterType="com.teamproject.myteam01.domain.FavoriteItemVO">
		<selectKey keyProperty="favoriteId" order="BEFORE" resultType="Long">
	        SELECT FAVORITES_SEQ.NEXTVAL FROM DUAL
	    </selectKey>
	    INSERT INTO FAVORITES (FAVORITE_ID, LIST_ID, USERID, LINK, ENO, FNO, REGISTRATION_DATE)
    	VALUES (#{favoriteId}, #{listId}, #{userId}, #{link}, 
            <if test="eno != null">#{eno}</if>
            <if test="eno == null">CAST(NULL AS NUMBER)</if>, 
            <if test="fno != null">#{fno}</if>
            <if test="fno == null">CAST(NULL AS NUMBER)</if>, 
            #{registrationDate})
	</insert>


    <!-- 사용자 ID로 즐겨찾기 목록 조회 -->
    <select id="getFavoriteListsByUserId" parameterType="String" resultType="com.teamproject.myteam01.domain.FavoriteListVO">
        SELECT LIST_ID, USERID, LIST_NAME, COLOR
        FROM FAVORITELIST
        WHERE USERID = #{userId}
        ORDER BY LIST_ID DESC
    </select>
    
    <!-- 즐겨찾기 목록 ID로 목록 정보 조회 -->
    <select id="getFavoriteListById" parameterType="Long" resultType="com.teamproject.myteam01.domain.FavoriteListVO">
        SELECT LIST_ID, USERID, LIST_NAME, COLOR
        FROM FAVORITELIST
        WHERE LIST_ID = #{listId}
    </select>

    <!-- 즐겨찾기 목록 ID로 즐겨찾기 항목 조회 -->
    <select id="getFavoritesByListId" parameterType="Long" resultType="com.teamproject.myteam01.domain.FavoriteItemVO">
        SELECT FAVORITE_ID, LIST_ID, USERID, LINK, ENO, FNO
	    FROM FAVORITES
	    WHERE LIST_ID = #{listId}
    </select>
    


    <!-- 즐겨찾기 목록 이름 업데이트 -->
    <update id="updateFavoriteListName" parameterType="com.teamproject.myteam01.domain.FavoriteListVO">
	    UPDATE FAVORITELIST
	    SET LIST_NAME = #{listName}, COLOR = #{color}
	    WHERE LIST_ID = #{listId}
	</update>
	
	<update id="updateFavoriteList" parameterType="map">
	    UPDATE FAVORITES
	    SET LIST_ID = #{newListId}
	    WHERE FAVORITE_ID = #{favoriteId}
	</update>
	
	
	<!-- 즐겨찾기 목록 삭제 -->
	<delete id="deleteFavoriteList" parameterType="Long">
	    DELETE FROM FAVORITELIST WHERE LIST_ID = #{listId}
	</delete>
	

    <!-- 즐겨찾기 항목 삭제 -->
    <delete id="deleteFavoriteItem" parameterType="Long">
        DELETE FROM FAVORITES WHERE FAVORITE_ID = #{favoriteId}
    </delete>

    <!-- 즐겨찾기 항목과 관련된 음식점/행사 정보 조인 조회 -->
    <select id="getFavoriteDetails" parameterType="Long" resultMap="FavoriteDetailMap">
        SELECT f.FAVORITE_ID, f.ITEM_NAME, f.LINK, r.FNAME AS restaurantName, e.ENAME AS eventName
        FROM FAVORITES f
        LEFT JOIN RESTAURANTS r ON f.FNO = r.FNO
        LEFT JOIN EVENT e ON f.ENO = e.ENO
        WHERE f.FAVORITE_ID = #{favoriteId}
    </select>

    <!-- ResultMap 설정 -->
    <resultMap id="FavoriteDetailMap" type="com.teamproject.myteam01.domain.FavoriteItemVO">
        <result property="favoriteId" column="FAVORITE_ID"/>
        <result property="link" column="LINK"/>
        <result property="fname" column="restaurantName"/>
        <result property="ename" column="eventName"/>
    </resultMap>

</mapper>