{"properties": [
  {
    "name": "myuser.spring.datasource.hikari.driver-class-name",
    "type": "java.lang.String",
    "description": "A description for 'myuser.spring.datasource.hikari.driver-class-name'"
  },
  {
    "name": "myuser.spring.datasource.hikari.jdbc-url",
    "type": "java.lang.String",
    "description": "A description for 'myuser.spring.datasource.hikari.jdbc-url'"
  },
  {
    "name": "myuser.spring.datasource.hikari.username",
    "type": "java.lang.String",
    "description": "A description for 'myuser.spring.datasource.hikari.username'"
  },
  {
    "name": "myuser.spring.datasource.hikari.password",
    "type": "java.lang.String",
    "description": "A description for 'myuser.spring.datasource.hikari.password'"
  },
  {
    "name": "myuser.spring.datasource.hikari.maximum-pool-size",
    "type": "java.lang.String",
    "description": "A description for 'myuser.spring.datasource.hikari.maximum-pool-size'"
  },
  {
    "name": "myuser.spring.datasource.hikari.minimum-idle",
    "type": "java.lang.String",
    "description": "A description for 'myuser.spring.datasource.hikari.minimum-idle'"
  },
  {
    "name": "myuser.spring.datasource.hikari.idle-timeout",
    "type": "java.lang.String",
    "description": "A description for 'myuser.spring.datasource.hikari.idle-timeout'"
  },
  {
    "name": "myuser.spring.datasource.hikari.max-lifetime",
    "type": "java.lang.String",
    "description": "A description for 'myuser.spring.datasource.hikari.max-lifetime'"
  },
  {
    "name": "myuser.spring.datasource.hikari.connection-timeout",
    "type": "java.lang.String",
    "description": "A description for 'myuser.spring.datasource.hikari.connection-timeout'"
  },
  {
    "name": "myuser.spring.datasource.hikari.auto-commit",
    "type": "java.lang.String",
    "description": "A description for 'myuser.spring.datasource.hikari.auto-commit'"
  },
  {
    "name": "myuser.spring.datasource.hikari.pool-name",
    "type": "java.lang.String",
    "description": "A description for 'myuser.spring.datasource.hikari.pool-name'"
  },
  {
    "name": "youruser.spring.datasource.hikari",
    "type": "java.lang.String",
    "description": "A description for 'youruser.spring.datasource.hikari'"
  },
  {
    "name": "springdoc.api-docs.packagesToScan",
    "type": "java.lang.String",
    "description": "A description for 'springdoc.api-docs.packagesToScan'"
  },
  {
    "name": "springdoc.groups.enabled",
    "type": "java.lang.String",
    "description": "A description for 'springdoc.groups.enabled'"
  }
]}