<?xml version="1.0" encoding="UTF-8" ?>
<!DOCTYPE mapper
  PUBLIC "-//mybatis.org//DTD Mapper 3.0//EN"
  "https://mybatis.org/dtd/mybatis-3-mapper.dtd">
<mapper namespace="com.teamproject.myteam01.mapper.UserMapper">

    <!-- 사용자 등록 -->
    <insert id="insertUser" parameterType="com.teamproject.myteam01.domain.UserVO">
        <selectKey keyProperty="userNo" order="BEFORE" resultType="Long">
            SELECT teampj.seq_users.nextval FROM dual
        </selectKey>
        INSERT INTO users (userNo, userId, userPw, userName, userGender, userCall, userAddress, userEmail, userType, joinDate)
        VALUES (#{userNo}, #{userId}, #{userPw}, #{userName}, #{userGender}, #{userCall}, #{userAddress}, #{userEmail}, #{userType}, SYSDATE)
    </insert>
    
    <insert id="insertUserRole" flushCache="true">
	    INSERT INTO user_roles (userId, role_id)
	    VALUES (
	        #{userId},
	        (SELECT role_id FROM roles WHERE role_name = #{roleName})
	    )
	</insert>


    <!-- 사용자명으로 사용자 정보 조회 -->
    <select id="findByUsername" parameterType="String" resultType="com.teamproject.myteam01.domain.UserVO">
        SELECT userNo, userId, userPw, userName, userGender, userCall, userAddress, userEmail, userType, joinDate, lastLoginDate
        FROM users
        WHERE userId = #{userId}
    </select>
    
    <select id="findRolesByUserId" resultType="String">
	    SELECT r.ROLE_NAME
	    FROM ROLES r
	    JOIN USER_ROLES ur ON r.ROLE_ID = ur.ROLE_ID
	    WHERE ur.USERID = #{userId}
	</select>

    <!-- 마지막 로그인 날짜 업데이트 -->
    <update id="updateLastLoginDate" parameterType="com.teamproject.myteam01.domain.UserVO">
        UPDATE users
        SET lastLoginDate = CURRENT_TIMESTAMP
        WHERE userId = #{userId}
    </update>


    <!-- 사용자 정보 업데이트 -->
    <update id="updateUser" parameterType="com.teamproject.myteam01.domain.UserVO">
        UPDATE users
        SET userPw = #{userPw},
            userName = #{userName},
            userGender = #{userGender},
            userCall = #{userCall},
            userAddress = #{userAddress},
            userEmail = #{userEmail},
            userType = #{userType}
        WHERE userId = #{userId}
    </update>

    <!-- 사용자 삭제 -->
    <delete id="deleteUser" parameterType="String">
        DELETE FROM users WHERE userId = #{userId}
    </delete>
    
    

</mapper>
